<component name="ProjectRunConfigurationManager">
  <configuration default="false" name="BuildAndFlash" type="elmot.embedded.openocd.conf.type" factoryName="elmot.embedded.openocd.conf.factory" REDIRECT_INPUT="false" ELEVATE="false" USE_EXTERNAL_CONSOLE="false" EMULATE_TERMINAL="false" PASS_PARENT_ENVS_2="true" PROJECT_NAME="hello_world" TARGET_NAME="app" CONFIG_NAME="Debug" RUN_TARGET_PROJECT_NAME="hello_world" RUN_TARGET_NAME="hello_world.elf" gdb_port="3333" telnet_port="4444" board_config="C:\GitProject\ESP32S3\hello_world\ESP32-ch347.cfg" download_type="UPDATED_ONLY" reset_type="HALT" flush_regs="true" break="true" break_function="app_main" boot_path_set_cfg="true" boot_path_cfg="$PROJECT_DIR$/cmake-build-debug/bootloader/bootloader.bin" boot_offset_cfg="0x0" part_path_set_cfg="true" part_path_cfg="$PROJECT_DIR$/cmake-build-debug/partition_table/partition-table.bin" part_offset_cfg="0x8000" program_offset_cfg="0x10000" prog_type_cfg="PROGRAM_ESP" app_verify_cfg="true">
    <gdb_debugger version="1">
      <debugger kind="GDB">C:\Users\xtx\.espressif\tools\xtensa-esp-elf-gdb\12.1_20221002\xtensa-esp-elf-gdb\bin\xtensa-esp32s3-elf-gdb.exe</debugger>
    </gdb_debugger>
    <method v="2">
      <option name="com.jetbrains.cidr.execution.CidrBuildBeforeRunTaskProvider$BuildBeforeRunTask" enabled="true" />
    </method>
  </configuration>
</component>