<component name="ProjectRunConfigurationManager">
  <configuration default="false" name="Debug" type="com.jetbrains.cidr.embedded.openocd.conf.type" factoryName="com.jetbrains.cidr.embedded.openocd.conf.factory" REDIRECT_INPUT="false" ELEVATE="false" USE_EXTERNAL_CONSOLE="false" EMULATE_TERMINAL="false" PASS_PARENT_ENVS_2="true" PROJECT_NAME="hello_world" TARGET_NAME="app" CONFIG_NAME="Debug" version="1" RUN_TARGET_PROJECT_NAME="hello_world" RUN_TARGET_NAME="hello_world.elf">
    <openocd version="1" gdb-port="3333" telnet-port="4444" board-config="C:\GitProject\ESP32S3\hello_world\esp32s3-builtin.cfg" reset-type="HALT" download-type="NONE">
      <debugger kind="GDB">C:\Users\xtx\.espressif\tools\xtensa-esp32s3-elf\esp-2022r1-11.2.0\xtensa-esp32s3-elf\bin\xtensa-esp32s3-elf-gdb.exe</debugger>
    </openocd>
    <method v="2">
      <option name="CLION.COMPOUND.BUILD" enabled="true" />
    </method>
  </configuration>
</component>